day,rolling_reward,forecast_error
0,18.0,0.9
1,37.45,6.04
2,36.8,7.05
3,31.62,3.29
4,32.04,1.45
5,35.95,0.08
6,27.4,2.04
7,27.44,8.04
8,29.89,0.58
9,39.33,9.17
10,36.79,3.37
11,35.58,0.01
12,34.31,6.83
13,32.31,5.3
14,33.41,6.04
15,29.89,9.87
16,31.19,5.43
17,30.44,0.25
18,32.16,6.54
19,30.96,0.16
20,30.84,0.91
21,31.84,1.04
22,34.43,8.59
23,31.19,2.5
24,33.99,4.89
25,35.81,2.41
26,36.32,2.27
27,38.74,1.16
28,38.79,4.05
29,39.82,5.93
30,40.31,6.39
31,43.84,5.08
32,42.36,0.63
33,44.71,3.99
34,43.79,6.53
35,43.56,3.67
36,40.29,2.91
37,39.09,0.08
38,37.82,0.46
39,37.54,0.75
40,39.66,1.09
41,35.86,1.03
42,36.61,1.84
43,36.42,6.51
44,39.85,5.3
45,35.61,3.44
46,38.0,4.61
47,39.81,13.38
48,39.42,1.78
49,39.76,0.39
50,42.84,0.52
51,44.4,0.79
52,44.84,2.66
53,38.7,2.74
54,37.64,10.59
55,39.61,3.39
56,36.17,8.51
57,40.25,5.37
58,34.81,7.36
59,38.21,3.25
60,37.11,1.53
61,34.64,1.67
62,42.99,6.42
63,36.75,0.95
64,33.56,0.96
65,33.53,3.06
66,33.66,3.22
67,37.91,8.56
68,41.04,0.14
69,39.6,1.31
70,44.44,5.27
71,41.69,1.07
72,47.17,2.96
73,47.14,1.16
74,41.28,4.47
75,43.12,5.11
76,41.54,2.59
77,49.04,2.37
78,52.22,6.56
79,53.68,3.32
80,52.69,6.8
81,48.3,0.0
82,47.14,2.31
83,50.84,0.69
84,52.92,6.53
85,52.26,0.43
86,48.41,4.57
87,50.21,1.65
88,53.88,4.9
89,48.79,7.0
90,50.22,1.5
91,54.11,10.54
92,50.83,2.49
93,51.85,4.52
94,53.19,0.47
95,57.46,1.25
96,58.01,4.91
97,60.48,2.05
98,59.01,2.1
99,58.96,0.5
100,66.24,10.58
101,67.76,0.47
102,59.86,10.38
103,62.38,1.02
104,58.46,1.35
105,55.2,3.13
106,54.4,2.51
107,50.15,11.32
108,54.58,5.32
109,60.21,1.86
110,56.26,3.11
111,46.93,1.67
112,46.36,0.43
113,49.38,2.03
114,47.26,1.45
115,41.8,3.46
116,44.37,0.06
117,46.99,0.56
118,47.64,2.78
119,50.29,7.74
120,53.46,7.94
121,56.9,3.77
122,55.37,1.06
123,50.46,6.75
124,42.68,0.9
125,46.54,5.79
126,46.86,3.79
127,43.96,1.99
128,42.06,0.97
129,45.64,0.13
130,58.05,6.68
131,54.29,0.17
132,49.07,0.1
133,47.56,1.82
134,47.47,6.14
135,50.79,11.42
136,49.01,8.11
137,49.58,0.42
138,48.29,10.4
139,48.57,3.57
140,50.53,0.84
141,53.68,5.95
142,54.89,1.94
143,58.11,0.64
144,42.84,3.07
145,48.96,0.78
146,52.66,7.77
147,52.57,1.67
148,53.62,4.49
149,51.24,2.04
150,53.11,1.49
151,46.4,6.95
152,60.77,0.15
153,63.39,6.08
154,67.16,12.49
155,63.66,1.51
156,64.79,4.76
157,65.24,2.83
158,66.66,4.03
159,61.97,5.34
160,62.56,0.82
161,65.67,4.19
162,62.56,1.44
163,58.59,10.41
164,56.99,3.02
165,68.54,2.04
166,66.24,2.32
167,63.05,8.27
168,57.01,8.04
169,58.92,0.74
170,57.46,0.22
171,54.26,4.28
172,64.69,2.79
173,54.26,2.47
174,54.41,0.84
175,53.27,4.97
176,54.77,3.26
177,58.56,3.07
178,63.14,6.36
179,50.02,1.76
180,49.09,1.92
181,49.81,0.73
182,50.34,52.85
183,41.79,17.58
184,40.85,10.09
185,40.74,29.33
186,23.59,12.3
187,28.02,21.57
188,34.74,21.2
189,21.29,23.4
190,21.21,18.59
191,19.1,18.98
192,16.91,1.01
193,35.63,6.97
194,27.06,12.72
195,19.34,23.74
196,19.06,16.83
197,32.77,4.12
198,14.34,13.95
199,16.91,13.13
200,40.06,13.85
201,37.91,2.36
202,24.77,25.02
203,37.06,25.95
204,37.34,13.35
205,38.2,9.09
206,39.43,8.78
207,38.29,1.1
208,37.43,10.94
209,44.43,3.2
210,30.29,2.37
211,24.86,8.23
212,41.57,2.52
213,42.43,8.72
214,43.29,11.62
215,43.0,8.74
216,38.0,12.73
217,38.57,19.35
218,42.57,22.51
219,40.86,23.54
220,34.33,9.72
221,41.06,15.88
222,41.06,1.69
223,38.77,0.38
224,53.6,10.29
225,65.03,8.62
226,52.89,26.67
227,41.31,16.63
228,28.31,22.91
229,27.74,7.16
230,35.03,2.16
231,33.6,9.6
232,30.74,4.47
233,33.31,19.76
234,36.34,1.71
235,35.0,11.3
236,29.86,18.61
237,35.86,21.59
238,25.31,4.2
239,10.74,5.35
240,12.03,19.69
241,19.34,7.88
242,29.54,15.23
243,35.97,8.93
244,49.03,0.59
245,43.6,1.63
246,43.31,18.38
247,42.46,1.18
248,42.81,40.85
249,36.29,15.04
250,44.29,18.31
251,36.86,7.04
252,48.71,4.29
253,55.57,15.46
254,68.43,10.07
255,71.83,10.19
256,74.06,5.38
257,69.34,5.74
258,62.29,5.48
259,55.57,5.56
260,57.96,10.04
261,58.39,8.91
262,61.06,5.2
263,63.49,10.27
264,61.49,14.17
265,62.34,8.35
266,62.91,2.94
267,62.63,1.02
268,61.77,3.47
269,60.64,8.17
270,61.57,8.28
271,60.71,12.56
272,49.14,10.31
273,63.0,2.28
274,62.33,3.14
275,61.61,2.67
276,62.37,1.43
277,59.94,12.32
278,62.23,17.7
279,67.37,3.03
280,53.8,5.17
281,54.37,1.08
282,53.8,8.75
283,54.56,0.35
284,53.17,5.74
285,58.89,5.0
286,67.31,8.12
287,64.74,28.19
288,62.74,16.33
289,62.74,3.35
290,62.74,2.13
291,64.74,1.71
292,63.89,2.68
293,57.31,13.37
294,76.31,6.25
295,55.74,5.54
296,58.03,13.45
297,56.51,4.86
298,54.07,13.71
299,53.21,2.63
300,63.5,10.5
301,57.5,3.82
302,60.07,3.31
303,58.07,24.56
304,56.93,16.28
305,56.64,5.91
306,55.79,4.86
307,57.79,5.72
308,52.93,4.44
309,72.07,3.39
310,70.84,23.3
311,71.51,2.73
312,76.01,1.82
313,72.16,8.39
314,65.59,6.53
315,61.16,12.83
316,53.16,3.81
317,42.3,25.91
318,41.17,7.08
319,44.56,1.81
320,41.41,4.16
321,42.56,9.0
322,42.84,5.55
323,40.84,20.74
324,41.79,14.14
325,39.6,7.44
326,38.8,1.48
327,41.37,3.56
328,37.09,3.88
329,49.23,10.62
330,58.09,13.34
331,72.66,4.79
332,74.36,16.13
333,69.54,18.95
334,73.83,1.44
335,75.54,14.99
336,69.01,20.96
337,76.73,6.29
338,71.16,6.57
339,70.4,3.74
340,62.87,12.67
341,69.66,7.52
342,80.8,4.07
343,73.1,15.84
344,71.2,13.29
345,67.2,4.39
346,61.71,3.59
347,65.64,22.28
348,74.07,3.07
349,74.21,5.26
350,67.46,5.49
351,63.56,3.12
352,70.13,5.13
353,73.16,9.28
354,79.39,3.58
355,74.03,4.18
356,78.03,13.07
357,70.01,10.8
358,63.91,15.26
359,67.91,2.39
360,70.94,4.03
361,61.27,13.48
362,61.71,4.99
363,75.91,12.49
364,73.2,16.43
365,65.67,8.76
