episode,total_reward
0,2321.3
1,1835.9
2,1258.4
3,2123.0
4,2263.8
5,1464.9
6,1850.2
7,1173.4
8,1280.3
9,1569.0
10,2069.1
11,2392.1
12,1468.7
13,1820.2
14,616.9
15,2458.0
16,1583.9
17,2191.8
18,1713.2
19,2177.2
20,2089.8
21,1431.9
22,1605.4
23,1860.6
24,2344.7
25,1834.8
26,2039.7
27,2477.9
28,2546.3
29,2326.0
30,1884.0
31,2027.4
32,1780.7
33,2124.8
34,1591.0
35,1633.1
36,1585.0
37,2264.0
38,1795.9
39,1823.6
40,2274.9
41,2304.1
42,1612.9
43,1624.7
44,1853.2
45,1942.9
46,1967.1
47,1464.4
48,914.9
49,2072.4
50,2445.9
51,1823.5
52,1185.9
53,775.1
54,1710.7
55,1477.8
56,2129.8
57,1974.0
58,1983.7
59,391.7
60,1727.4
61,1685.8
62,1891.9
63,2355.7
64,2448.7
65,581.3
66,2005.4
67,1804.5
68,1977.3
69,1945.9
70,1805.0
71,1957.1
72,1606.1
73,1074.3
74,1256.9
75,1552.8
76,867.0
77,1825.1
78,2475.9
79,1343.8
80,1744.9
81,1838.7
82,2529.6
83,1916.5
84,1746.2
85,1559.3
86,1814.5
87,733.6
88,2417.1
89,1110.3
90,1868.6
91,1931.0
92,2117.3
93,1896.3
94,2549.4
95,1381.1
96,1350.0
97,1327.6
98,1224.2
99,1810.6
100,2547.7
101,1643.6
102,2453.2
103,1101.4
104,687.5
105,1743.8
106,2123.5
107,1535.4
108,1959.7
109,1263.1
110,1539.7
111,2238.6
112,1627.3
113,2487.8
114,1955.8
115,2241.6
116,1695.6
117,1386.5
118,1522.7
119,2141.7
120,2593.1
121,1419.9
122,1416.9
123,1598.5
124,1641.2
125,2083.7
126,1508.2
127,1727.2
128,1259.5
129,1809.6
130,2012.9
131,1952.6
132,2353.8
133,1943.5
134,2030.7
135,1145.3
136,2259.0
137,1223.0
138,1088.6
139,1700.9
140,1662.3
141,1961.0
142,1585.7
143,2591.4
144,2078.8
145,2312.3
146,1426.3
147,2220.7
148,1873.0
149,1813.0
150,2096.8
151,1799.1
152,1977.0
153,1463.5
154,1866.0
155,1790.8
156,2341.6
157,1851.2
158,1312.7
159,2175.4
160,1857.8
161,1387.7
162,1892.3
163,1746.4
164,2187.7
165,2125.2
166,967.3
167,2614.9
168,1302.0
169,1749.2
170,2264.5
171,2055.4
172,1034.6
173,1320.6
174,1967.3
175,2402.9
176,1709.8
177,2465.0
178,2061.5
179,2462.6
180,2012.2
181,2607.4
182,1833.8
183,1211.2
184,1851.7
185,2330.3
186,2447.2
187,1811.7
188,1615.7
189,1575.2
190,954.4
191,2208.0
192,1974.4
193,1406.2
194,1892.5
195,2067.4
196,1544.9
197,2091.8
198,988.5
199,2229.6
200,1543.9
201,2207.4
202,1261.6
203,1501.0
204,2028.9
205,2131.3
206,1484.4
207,1772.6
208,1883.0
209,2026.4
210,1629.4
211,1772.8
212,2245.3
213,2046.9
214,1239.9
215,1669.3
216,1744.7
217,1725.1
218,2147.2
219,1857.6
220,2213.8
221,1932.7
222,1659.3
223,1996.3
224,1304.3
225,1415.1
226,2846.8
227,2340.0
228,2193.7
229,1943.6
230,2382.1
231,1426.0
232,857.0
233,2111.1
234,2002.6
235,1782.1
236,1605.6
237,1801.0
238,1543.4
239,2182.6
240,2042.7
241,2312.2
242,2262.7
243,1801.2
244,1829.4
245,1767.6
246,2736.8
247,2100.9
248,2408.3
249,1895.2
250,2195.8
251,2457.1
252,1955.1
253,1427.3
254,1672.0
255,2371.3
256,1629.1
257,2101.0
258,1966.4
259,2053.0
260,2136.5
261,2200.1
262,1413.0
263,2333.4
264,2182.5
265,1700.3
266,2868.0
267,1658.4
268,2202.4
269,2421.4
270,1883.7
271,1578.7
272,2721.9
273,2109.4
274,2130.4
275,2315.8
276,2039.3
277,2013.6
278,1600.0
279,1699.3
280,1977.0
281,2700.2
282,1736.1
283,1675.9
284,2337.7
285,2063.3
286,1577.4
287,1941.9
288,2261.1
289,2252.6
290,1814.3
291,2089.6
292,2170.3
293,2008.2
294,2405.4
295,2406.0
296,2027.5
297,1952.3
298,1810.8
299,1372.5
300,1857.7
301,2539.0
302,672.3
303,2042.6
304,2245.6
305,2607.1
306,1384.6
307,2111.9
308,1603.0
309,2086.3
310,1759.2
311,1502.5
312,2039.0
313,1889.4
314,2019.0
315,1695.4
316,2071.8
317,1497.9
318,2200.7
319,1455.2
320,1454.3
321,2148.3
322,1919.4
323,2783.6
324,2623.6
325,1995.5
326,2136.7
327,1747.3
328,2577.3
329,2412.1
330,1944.4
331,1660.3
332,1778.3
333,2518.7
334,2231.7
335,2140.3
336,2525.2
337,1611.3
338,2519.6
339,2042.9
340,1929.9
341,1434.5
342,2109.7
343,2069.7
344,2446.4
345,2015.0
346,2338.5
347,1929.2
348,2332.7
349,2023.2
350,2454.8
351,1913.9
352,1725.4
353,1901.9
354,2531.8
355,2138.6
356,2237.8
357,2486.7
358,2437.5
359,2056.0
360,2741.7
361,2429.2
362,1585.1
363,2526.2
364,1874.1
365,2380.3
366,2595.7
367,1535.5
368,1576.4
369,2341.2
370,1721.0
371,2010.9
372,2255.0
373,1917.4
374,1965.3
375,1956.6
376,1984.3
377,1841.5
378,2308.5
379,1863.5
380,1406.2
381,2735.6
382,2285.7
383,2262.1
384,1595.9
385,2199.7
386,1988.1
387,2336.5
388,2077.3
389,2549.4
390,2114.1
391,2096.4
392,1859.3
393,1789.0
394,1713.4
395,2017.4
396,2096.0
397,1998.8
398,1955.1
399,1663.7
400,2140.1
401,1970.9
402,1486.4
403,2538.7
404,2391.5
405,2141.2
406,2376.9
407,2563.7
408,2575.7
409,1691.7
410,2371.1
411,1934.8
412,1915.4
413,2366.0
414,1672.3
415,1889.9
416,2213.3
417,2301.1
418,1880.0
419,2307.8
420,2825.1
421,1714.2
422,1855.5
423,2177.3
424,2505.1
425,2109.3
426,1918.3
427,2159.6
428,1768.2
429,2083.3
430,1880.2
431,1801.0
432,2254.6
433,2485.9
434,2210.7
435,2418.5
436,2241.2
437,2378.7
438,2249.2
439,1970.5
440,2297.6
441,1670.2
442,2763.0
443,2499.0
444,2378.9
445,1779.6
446,2032.3
447,2546.0
448,2629.5
449,1950.3
450,2668.2
451,2553.4
452,2908.6
453,1823.1
454,1969.9
455,2640.2
456,2456.6
457,1994.6
458,2294.1
459,2100.8
460,1790.2
461,2184.5
462,1835.7
463,2174.5
464,1641.2
465,2225.7
466,2488.0
467,2179.2
468,2251.7
469,2684.9
470,1949.0
471,2642.7
472,2397.5
473,2369.4
474,2096.7
475,2574.3
476,2335.4
477,1669.9
478,1773.1
479,2220.2
480,2186.1
481,2341.9
482,2116.8
483,2565.6
484,2595.7
485,1935.2
486,1809.3
487,2254.1
488,2020.3
489,2418.2
490,2675.4
491,2174.4
492,1986.2
493,2377.5
494,2108.9
495,2326.4
496,2376.5
497,1960.9
498,3028.8
499,2608.1
500,1927.9
501,2068.1
502,2835.4
503,2355.1
504,1999.8
505,2333.5
506,2797.5
507,1923.4
508,2236.4
509,2056.2
510,2308.1
511,1762.2
512,2824.3
513,2635.1
514,2867.9
515,2173.4
516,2557.8
517,2170.9
518,2635.8
519,2239.8
520,1925.6
521,2407.0
522,2267.9
523,2858.9
524,1824.1
525,1966.3
526,2894.0
527,2529.0
528,2615.4
529,3066.5
530,2426.7
531,2618.1
532,2275.3
533,2062.2
534,2253.7
535,2623.4
536,2596.3
537,2359.2
538,2359.5
539,1807.3
540,1904.9
541,2057.7
542,2168.1
543,2587.0
544,2808.1
545,2042.2
546,2610.3
547,2348.5
548,2972.0
549,1951.6
550,2722.0
551,1966.4
552,2603.2
553,1888.5
554,2509.8
555,2955.7
556,1928.1
557,2902.1
558,2729.6
559,2648.6
560,2806.9
561,1850.9
562,2748.5
563,2595.7
564,2888.5
565,2101.2
566,2220.6
567,2068.0
568,2327.2
569,2372.0
570,2750.4
571,2423.7
572,2154.4
573,1937.4
574,1665.5
575,1895.6
576,2644.3
577,3011.6
578,2708.3
579,2386.2
580,2107.9
581,2717.1
582,2440.4
583,1848.6
584,2476.0
585,2948.5
586,1721.0
587,2334.2
588,2975.6
589,2774.6
590,2848.2
591,3126.4
592,2193.2
593,2718.4
594,1710.8
595,2992.2
596,2350.5
597,2477.4
598,2352.1
599,2217.0
