experiment,alpha,gamma,avg_reward_first_50,avg_reward_last_50,total_reward,service_level,stockout_rate,avg_leftover,selected
alpha-005-gamma-090,0.05,0.90,1854.59,2434.82,15673.6,0.794,0.592,2.76,false
alpha-005-gamma-095,0.05,0.95,1854.59,2379.80,15667.0,0.794,0.595,2.82,false
alpha-005-gamma-099,0.05,0.99,1857.11,2491.04,16049.3,0.804,0.573,2.98,false
alpha-010-gamma-090,0.10,0.90,1866.92,2791.64,17690.4,0.849,0.479,4.58,false
alpha-010-gamma-095,0.10,0.95,1871.44,2755.28,18197.3,0.860,0.466,3.92,false
alpha-010-gamma-099,0.10,0.99,1874.11,2803.92,18912.0,0.877,0.447,3.78,false
alpha-020-gamma-090,0.20,0.90,1885.84,2696.25,20512.0,0.947,0.162,15.07,true
alpha-020-gamma-095,0.20,0.95,1884.31,2582.77,11459.1,0.702,0.586,7.08,false
alpha-020-gamma-099,0.20,0.99,1886.16,2677.00,16055.1,0.830,0.411,12.34,false
